date,DATE,Average expenditure 25 - 34,Average expenditure 35 - 44,Average expenditure 45 - 54,Average expenditure 65 - 74,CPI,Employees Construction,GDP,House for sale to sold,Industrial production,Mortgage,Price house under Construction,Private owned house ,PPI,Unemployment Rate ,Unemployment construction,Population,target,gdp_per_capita,CPI_TREND,GDP_RATE,GDP_TREND,EMP_CONST_RATE,EMP_CONST_TREND,houses_for_sale_to_sold_rate,HOUSES_S2S_TREND,CPI cum_sum,House for sale to sold cum_sum,Private house under Construction cum_sum,Private owned house cum_sum,Private house under Construction Rate,Private owned house rate,Private house under Construction Rate Trend,Private owned house rate trend
0,2003-01,40706,97767,50323,33869,0.4,6704,11174.129,1.3862943611198906,91.1355,5.916,1049,1654,150.5,5.8,2.6390573296152584,289609.0,128.461,0.03858350051276031,UP,,DOWN,,DOWN,,DOWN,0.4,1.3862943611198906,1049,1654,,,DOWN,DOWN
1,2003-02,40887,98258,50545,34109,0.8,6667,11220.339,1.5040773967762742,91.2502,5.8425,1044,1688,152.4,5.9,2.6390573296152584,289823.67,129.355,0.03871436380610321,UP,,DOWN,,DOWN,,DOWN,1.2000000000000002,2.8903717578961645,2093,3342,,,DOWN,DOWN
2,2003-03,41068,98749,50767,34349,0.6,6654,11266.549,1.410986973710262,91.0059,5.745,1044,1638,153.7,5.9,2.468099531471619,290038.34,130.148,0.03884503338420707,UP,,DOWN,,DOWN,,DOWN,1.8000000000000003,4.301358731606427,3137,4980,,,DOWN,DOWN
3,2003-04,41249,99240,50989,34589,-0.2,6689,11312.766,1.410986973710262,90.4281,5.8125,1043,1662,154.4,6.0,2.2300144001592104,290253.0,130.884,0.03897553513658773,DOWN,,DOWN,,DOWN,,DOWN,1.6000000000000003,5.712345705316689,4180,6642,,,DOWN,DOWN
4,2003-05,41430,99731,51211,34829,-0.2,6706,11397.396,1.3609765531356006,90.4073,5.484,1047,1733,154.4,6.1,2.128231705849268,290493.33,131.735,0.03923462201352437,DOWN,,DOWN,,DOWN,,DOWN,1.4000000000000004,7.073322258452289,5227,8375,,,DOWN,DOWN
5,2003-06,41611,100222,51433,35069,0.1,6723,11482.026,1.252762968495368,90.5218,5.23,1064,1641,154.4,6.3,2.066862759472976,290733.66,132.649,0.03949328055100328,UP,,DOWN,,DOWN,,DOWN,1.5000000000000004,8.326085226947658,6291,10016,,,DOWN,DOWN
6,2003-07,41792,100713,51655,35309,0.1,6735,11566.669,1.2809338454620642,90.9896,5.6325,1078,1680,154.4,6.2,2.0149030205422647,290974.0,133.777,0.039751555121763454,UP,,DOWN,,DOWN,,DOWN,1.6000000000000005,9.607019072409722,7369,11696,,,DOWN,DOWN
7,2003-08,41973,101204,51877,35549,0.4,6760,11635.189,1.252762968495368,90.7858,6.264,1102,1570,154.4,6.1,1.9600947840472698,291205.67,134.969,0.03995522820692331,UP,,DOWN,,DOWN,,DOWN,2.0000000000000004,10.85978204090509,8471,13266,,,DOWN,DOWN
8,2003-09,42154,101695,52099,35789,0.3,6783,11703.709,1.33500106673234,91.3829,6.1475,1121,1719,154.4,6.1,2.028148247292285,291437.34,136.294,0.04015857748358532,UP,,DOWN,,DOWN,,DOWN,2.3000000000000003,12.19478310763743,9592,14985,,,DOWN,DOWN
9,2003-10,42335,102186,52321,36029,-0.1,6784,11772.234,1.33500106673234,91.5005,5.952,1135,1728,154.4,6.0,2.0014800002101243,291669.0,137.531,0.040361622249879145,DOWN,,DOWN,,DOWN,,DOWN,2.2,13.529784174369771,10727,16713,,,DOWN,DOWN
10,2003-11,42516,102677,52543,36269,-0.3,6796,11822.634,1.410986973710262,92.1265,5.9325,1158,1692,154.4,5.8,2.0541237336955462,291858.33,138.794,0.04050812598016305,DOWN,,DOWN,,DOWN,,DOWN,1.9000000000000001,14.940771148080033,11885,18405,,,DOWN,DOWN
11,2003-12,42697,103168,52765,36509,-0.1,6827,11873.034,1.3862943611198906,92.1722,5.876,1183,1716,154.4,5.7,2.2300144001592104,292047.66,140.179,0.04065443975822303,DOWN,,DOWN,,DOWN,,DOWN,1.8,16.327065509199922,13068,20121,,,DOWN,DOWN
12,2004-01,42898,103823,53022,36684,0.5,6848,11923.447,1.33500106673234,92.327,5.7125,1191,1709,154.4,5.7,2.424802725718295,292237.0,141.646,0.04080060704154505,UP,0.06490560205813835,UP,0.021252275659658953,UP,-0.03770216907594542,DOWN,2.3,17.66206657593226,14259,21830,2.609550956885822,2.580088573960353,UP,UP
13,2004-02,43095,104480,53280,36856,0.5,6838,11986.567,1.308332819650179,92.8873,5.635,1197,1718,154.4,5.6,2.451005098112319,292449.67,143.192,0.040986768766058106,UP,0.06605849256466309,UP,0.025325307581186576,UP,-0.13942601488400053,DOWN,2.8,18.97039939558244,15456,23548,1.9993988340062996,1.952471460992813,UP,UP
14,2004-03,43292,105137,53538,37028,0.6,6887,12049.687,1.2809338454620642,92.5325,5.445,1219,1794,154.4,5.8,2.424802725718295,292662.34,145.059,0.04117265993294525,UP,0.06720061451622629,UP,0.034417398966276234,UP,-0.09670006217788805,DOWN,3.4,20.251333241044506,16675,25342,1.6706436625931462,1.627033207340155,UP,UP
15,2004-04,43489,105794,53796,37200,0.3,6901,12112.815,1.3862943611198906,92.9096,5.83,1222,1938,155.6,5.6,2.2512917986064953,292875.0,146.593,0.04135830985915493,UP,0.06833216050892624,UP,0.031201942502193783,UP,-0.017655180893907378,DOWN,3.6999999999999997,21.637627602164397,17897,27280,1.4543218544986063,1.4127407100207066,UP,UP
16,2004-05,43686,106451,54054,37372,0.6,6948,12176.975,1.33500106673234,93.5838,6.27,1233,1893,155.6,5.6,2.0014800002101243,293117.67,148.186,0.041542957816224454,UP,0.06616196521617315,UP,0.03545120033482176,UP,-0.01927040494453271,DOWN,4.3,22.972628668896736,19130,29173,1.2974202837213766,1.2479925462693737,UP,UP
17,2004-06,43883,107108,54312,37544,0.3,6962,12241.135,1.3609765531356006,92.8621,6.2875,1229,1857,155.6,5.6,1.9459101490553132,293360.34,149.85,0.041727300288784776,UP,0.06401914538655788,UP,0.0349323059023475,UP,0.08285100902090657,UP,4.6,24.333605222032336,20359,31030,1.1744030339746474,1.1307706641025461,UP,UP
18,2004-07,44080,107765,54570,37716,-0.2,6977,12305.307,1.5040773967762742,93.5511,6.056,1247,1881,155.6,5.5,1.8562979903656263,293603.0,151.338,0.04191138033330722,DOWN,0.061903032725642036,UP,0.03530121509477212,UP,0.16059030613181796,UP,4.3999999999999995,25.83768261880861,21606,32911,1.0756890421099308,1.0345600453871255,UP,UP
19,2004-08,44277,108422,54828,37888,0.1,7003,12379.277,1.4586150226995167,93.6328,5.8675,1238,1911,155.6,5.4,1.791759469228055,293846.67,152.633,0.04212835558082043,UP,0.06198982419143662,UP,0.03531573861850785,UP,0.15213588408534598,UP,4.499999999999999,27.296297641508126,22844,34822,0.9920399353532026,0.9650449998410424,UP,UP
20,2004-09,44474,109079,55086,38060,0.2,7029,12453.247,1.410986973710262,93.7418,5.754,1247,1796,155.6,5.4,1.916922612182061,294090.34,154.179,0.04234497127651319,UP,0.06207559200619569,UP,0.03562496622982588,UP,0.055357349969852906,UP,4.699999999999999,28.707284615218388,24091,36618,0.9209089090404242,0.8934902220217863,UP,UP
21,2004-10,44671,109736,55344,38232,0.5,7077,12527.214,1.3609765531356006,94.5671,5.7225,1264,1839,155.6,5.5,1.9315214116032138,294334.0,155.75,0.0425612195668866,UP,0.06215968996713424,UP,0.04228319060404579,UP,0.01927040494453275,UP,5.199999999999999,30.068261168353988,25355,38457,0.8602120216316902,0.8333538742913192,UP,UP
22,2004-11,44868,110393,55602,38404,0.1,7091,12607.234,1.4586150226995167,94.8,5.73,1268,1758,155.6,5.4,2.0014800002101243,294541.67,157.527,0.04280288761858382,UP,0.06425494640190375,UP,0.042492170512174035,UP,0.03319793003911915,UP,5.299999999999999,31.526876191053503,26623,40215,0.8064984030250889,0.7816176935250477,UP,UP
23,2004-12,45065,111050,55860,38576,-0.4,7117,12687.254,1.410986973710262,95.5426,5.752,1280,1921,155.6,5.4,2.2512917986064953,294749.34,159.33,0.04304421512869206,DOWN,0.0663280891317254,UP,0.0416009498809907,UP,0.017655180893907347,UP,4.899999999999999,32.93786316476377,27903,42136,0.7585677161896159,0.7391384363953782,UP,UP
24,2005-01,45278,111376,55996,38772,0.2,7095,12767.286,1.4816045409242156,95.8831,5.71,1302,1892,156.0,5.3,2.468099531471619,294957.0,161.288,0.04328524496791058,UP,0.06837932040548456,UP,0.03543367177256494,UP,0.10419355888140086,UP,5.099999999999999,34.419467705687985,29205,44028,0.7169516411922906,0.7015406245992928,UP,UP
25,2005-02,45488,111708,56138,38971,0.6,7153,12819.076,1.4586150226995167,96.5616,5.6275,1322,1908,161.6,5.4,2.509599262378372,295167.33,163.344,0.04342986061499421,UP,0.06714776790548352,UP,0.04503655790913716,UP,0.10873370096918963,UP,5.699999999999998,35.878082728387504,30527,45936,0.6806142604457806,0.6682082322126932,UP,UP
26,2005-03,45698,112040,56280,39170,0.8,7181,12870.866,1.410986973710262,96.4371,5.928,1311,1787,159.2,5.2,2.33214389523559,295377.66,165.812,0.04357427030872951,UP,0.06592762311599895,UP,0.0418030725656193,UP,0.096700062177888,UP,6.499999999999998,37.28906970209776,31838,47723,0.6467499531312567,0.6329503635995174,UP,UP
27,2005-04,45908,112372,56422,39369,0.7,7266,12922.656,1.4586150226995167,96.628,5.855,1324,1927,163.2,5.2,2.0014800002101243,295588.0,167.501,0.04371847300972976,UP,0.0647180669120103,UP,0.051539605160545336,UP,0.05085311093302672,UP,7.199999999999998,38.74768472479728,33162,49650,0.6167715410439096,0.5988445575159203,UP,UP
28,2005-05,46118,112704,56564,39568,-0.1,7294,12995.986,1.4350845252893227,96.7306,5.72,1322,2103,163.2,5.1,1.8082887711792655,295838.67,169.351,0.04392930106128452,DOWN,0.06509366707980448,UP,0.04859824400762996,UP,0.0722916592151995,UP,7.099999999999999,40.1827692500866,34484,51753,0.589237664895517,0.5732387774992129,UP,UP
29,2005-06,46328,113036,56706,39767,0.1,7333,13069.316,1.4586150226995167,97.1488,5.582,1329,1965,163.2,5.0,1.7404661748405046,296089.34,171.19,0.0441397721376933,UP,0.06546519113500582,UP,0.0519179197224153,UP,0.06928487506443944,UP,7.199999999999998,41.64138427278612,35813,53718,0.5647878814205407,0.5487936624197851,UP,UP
30,2005-07,46538,113368,56848,39966,0.5,7353,13142.642,1.4350845252893227,96.8383,5.695,1338,1886,163.2,5.0,1.6486586255873816,296340.0,172.86,0.044349875143416345,UP,0.06583142555509461,UP,0.05248936825698575,UP,-0.046955934708583315,DOWN,7.699999999999998,43.07646879807544,37151,55604,0.5420196348070986,0.5244481927202979,UP,UP
31,2005-08,46748,113700,56990,40165,0.5,7394,13203.162,1.5040773967762742,97.1603,5.82,1356,1952,163.2,4.9,1.7404661748405046,296588.67,174.442,0.04451674435169759,UP,0.06443248145557694,UP,0.0543302318410595,UP,0.030692313914810736,UP,8.2,44.58054619485171,38507,57556,0.5221515421460179,0.5025090159567644,UP,UP
32,2005-09,46958,114032,57132,40364,1.2,7415,13263.682,1.547562508716013,95.2729,5.774,1377,1922,163.2,5.0,1.7404661748405046,296837.34,176.438,0.044683333976783375,UP,0.06304823131694524,UP,0.05346052739612719,UP,0.09239167724308713,UP,9.399999999999999,46.128108703567726,39884,59478,0.5041369142009091,0.4850665734884025,UP,UP
33,2005-10,47168,114364,57274,40563,0.2,7460,13324.204,1.5040773967762742,96.4383,6.065,1376,1962,163.2,5.0,1.667706820558076,297086.0,178.028,0.04484965296244185,UP,0.0616788331150843,UP,0.05270532512202172,UP,0.09997718897925015,UP,9.599999999999998,47.632186100344,41260,61440,0.4869175583961234,0.46852035484130944,UP,UP
34,2005-11,47378,114696,57416,40762,-0.8,7524,13415.854,1.6094379124341003,97.4951,6.33,1395,1907,163.2,5.0,1.7404661748405046,297302.67,179.68,0.04512523886852412,DOWN,0.06216636573965134,UP,0.05927153711692436,UP,0.09839762441580291,UP,8.799999999999997,49.241624012778104,42655,63347,0.47136899652341196,0.45438748933082884,UP,UP
35,2005-12,47588,115028,57558,40961,-0.4,7533,13507.504,1.589235205116581,97.9788,6.272,1405,1941,163.3,4.9,2.1041341542702074,297519.34,180.91,0.045400423380880045,DOWN,0.06264751541634625,UP,0.056807080526423644,UP,0.11896345656953274,UP,8.399999999999997,50.830859217894684,44060,65288,0.4568181314457575,0.43790576998585357,UP,UP
36,2006-01,47576,115225,57627,41068,0.8,7601,13599.16,1.667706820558076,98.1305,6.145,1424,2036,167.4,4.7,2.1972245773362196,297736.0,182.321,0.0456752290619878,UP,0.06312190803742498,UP,0.06888950697189748,UP,0.11832387165246698,UP,9.199999999999998,52.49856603845276,45484,67324,0.4430206882702037,0.42469099010277445,UP,UP
37,2006-02,47570,115411,57691,41176,0.2,7664,13650.58,1.8082887711792655,98.1779,6.2525,1423,2048,168.9,4.8,2.151762203259462,297960.0,183.287,0.045813464894616726,UP,0.06284763755873995,UP,0.06900219154231266,UP,0.2148935968776264,UP,9.399999999999997,54.30685480963202,46907,69372,0.42955538013040423,0.41223420450963116,UP,UP
38,2006-03,47564,115597,57755,41284,0.6,7689,13702.0,1.7749523509116738,98.3898,6.324,1423,2245,168.9,4.7,2.1400661634962708,298184.0,184.364,0.04595149303785582,UP,0.06257549996913767,UP,0.06835208692186337,UP,0.22948413713806565,UP,9.999999999999996,56.0818071605437,48330,71617,0.4173919409240485,0.40591901397588226,UP,UP
39,2006-04,47558,115783,57819,41392,0.9,7726,13753.424,1.840549633397487,98.6769,6.5075,1401,2071,169.4,4.7,1.9315214116032138,298408.0,184.329,0.04608932736387765,UP,0.0623057613118271,UP,0.06138533044507931,UP,0.23257686990648332,UP,10.899999999999997,57.922356793941184,49731,73688,0.4052238390316578,0.3948415731947529,UP,UP
40,2006-05,47552,115969,57883,41500,0.5,7713,13792.344,1.824549292051046,98.7052,6.5975,1409,1897,169.4,4.6,1.8870696490323797,298665.33,184.156,0.046179929890088005,UP,0.05947311505391667,UP,0.055855124565373546,UP,0.24010924315677135,UP,11.399999999999997,59.74690608599223,51140,75585,0.39407152151536207,0.37877544932095425,UP,UP
41,2006-06,47546,116155,57947,41608,0.2,7699,13831.264,1.840549633397487,99.0427,6.682,1383,2050,169.4,4.6,1.7227665977411035,298922.66,183.507,0.04627037642445708,UP,0.05666434433903277,UP,0.04870574118425007,UP,0.23257686990648332,UP,11.599999999999996,61.587455719389716,52523,77635,0.3829402129168922,0.3682702155530592,UP,UP
42,2006-07,47540,116341,58011,41716,0.3,7712,13870.188,1.9878743481543455,98.9804,6.7625,1363,1934,169.4,4.7,1.8082887711792655,299180.0,183.068,0.04636067918978541,UP,0.05387973037438316,UP,0.0476691640941593,UP,0.3258421509655676,UP,11.899999999999997,63.57533006754406,53886,79569,0.3718800152149759,0.35836942864504057,UP,UP
43,2006-08,47534,116527,58075,41824,0.2,7720,13926.648,1.9021075263969205,99.4106,6.524,1339,1877,169.4,4.7,1.7749523509116738,299435.33,182.594,0.04650970211163792,UP,0.05334778074473586,UP,0.043145503522244714,UP,0.23478281103084578,UP,12.099999999999996,65.47743759394098,55225,81446,0.36057570635754654,0.3471818370575892,UP,UP
44,2006-09,47528,116713,58139,41932,-0.5,7718,13983.108,1.9021075263969205,99.2207,6.4025,1317,2011,169.4,4.5,1.7227665977411035,299690.66,182.798,0.046658471104838575,DOWN,0.05282040625606872,UP,0.0400502875255315,UP,0.20628137774168867,UP,11.599999999999996,67.3795451203379,56542,83457,0.3490084838604055,0.338725032875493,UP,UP
45,2006-10,47522,116899,58203,42040,-0.5,7682,14039.56,1.9878743481543455,99.1253,6.3575,1283,1918,169.4,4.4,1.5040773967762742,299946.0,183.198,0.04680695858587879,DOWN,0.0522968281435207,UP,0.02932451570804353,UP,0.27888621625698434,UP,11.099999999999996,69.36741946849224,57825,85375,0.33752770047439706,0.32899222905153747,UP,UP
46,2006-11,47516,117085,58267,42148,-0.1,7666,14098.26,1.8870696490323797,99.0969,6.24,1265,1893,169.4,4.5,1.791759469228055,300167.0,183.609,0.046968054449689677,DOWN,0.04961424358050375,UP,0.018697055519579484,UP,0.15914018030521723,UP,10.999999999999996,71.25448911752463,59090,87268,0.32591720499692517,0.3203562938429168,UP,UP
47,2006-12,47510,117271,58331,42256,0.1,7685,14156.96,1.8718021769015913,100.1122,6.135,1247,1888,169.4,4.4,1.9315214116032138,300388.0,184.139,0.04712891327216799,UP,0.046960993083178984,UP,0.019977008147001533,UP,0.1636488002976554,UP,11.099999999999996,73.12629129442622,60337,89156,0.31439317285754886,0.3115793921770047,UP,UP
48,2007-01,47564,117492,58568,42193,0.3,7725,14215.651,1.9740810260220096,99.7571,6.2175,1217,1822,173.4,4.6,2.186051276738094,300609.0,184.517,0.047289505636890446,UP,0.04433551461935409,UP,0.016182005199905685,UP,0.1686534653497232,UP,11.399999999999997,75.10037232044823,61554,90978,0.30255422257115433,0.3011009337829375,UP,UP
49,2007-02,47618,117719,58805,42124,0.5,7626,14277.791,2.066862759472976,100.7275,6.285,1206,1640,173.6,4.5,2.3513752571634776,300834.0,184.598,0.04746069593197577,UP,0.044923241497915815,UP,-0.004970579233187383,DOWN,0.13365091470879265,UP,11.899999999999997,77.16723507992121,62760,92618,0.29115100981848496,0.28900017932282934,UP,UP
50,2007-03,47672,117946,59042,42055,0.9,7706,14339.931,2.066862759472976,100.9023,6.156,1192,1623,175.7,4.4,2.1972245773362196,301059.0,184.15,0.04763163034488257,UP,0.04550621586370954,UP,0.0022085101539221466,UP,0.1522583044874726,UP,12.799999999999997,79.2340978393942,63952,94241,0.28008031611197504,0.27452285510029484,UP,UP
51,2007-04,47726,118173,59279,41986,0.6,7686,14402.082,2.0014800002101243,101.5874,6.18,1181,1539,188.5,4.5,2.151762203259462,301284.0,183.01,0.047802345959294223,UP,0.046084968169608234,UP,-0.005190772101437371,DOWN,0.0838226661821386,UP,13.399999999999997,81.23557783960432,65133,95780,0.2698028521093714,0.26221393122852876,UP,UP
52,2007-05,47780,118400,59516,41917,0.6,7673,14456.092,2.0541237336955462,101.6299,6.262,1164,1536,188.5,4.4,1.9315214116032138,301543.33,181.6,0.04794034741209497,UP,0.047002261803483554,UP,-0.0051995437563338845,DOWN,0.11851635677578688,UP,13.999999999999996,83.28970157329987,66297,97316,0.259577677436237,0.2527055647492039,UP,UP
53,2007-06,47834,118627,59753,41848,0.2,7687,14510.102,2.1041341542702074,101.6482,6.6575,1161,1481,188.5,4.6,1.7749523509116738,301802.66,180.254,0.048078111703853114,UP,0.047913559488780455,UP,-0.001559859928917541,DOWN,0.13383981356026192,UP,14.199999999999996,85.39383572757008,67458,98797,0.2502540130957048,0.24104888348721246,UP,UP
54,2007-07,47888,118854,59990,41779,0.0,7660,14564.117,2.1162555148025524,101.4925,6.695,1144,1534,188.5,4.7,1.7749523509116738,302062.0,179.111,0.0482156544020764,DOWN,0.04881897511928671,UP,-0.006765573555744535,DOWN,0.06258235931021719,UP,14.199999999999996,87.51009124237262,68602,100331,0.2414509849089376,0.2318501502365051,UP,UP
55,2007-08,47942,119081,60227,41710,-0.2,7610,14614.427,2.2192034840549946,101.6874,6.572,1123,1512,188.5,4.6,1.667706820558076,302317.67,178.116,0.048341292786491775,DOWN,0.048205064394544576,UP,-0.014351192163090385,DOWN,0.1541858446801265,UP,13.999999999999996,89.72929472642763,69725,101843,0.2331431842073717,0.22349218782980468,UP,UP
56,2007-09,47996,119308,60464,41641,0.3,7577,14664.737,2.2192034840549946,101.9398,6.3825,1108,1356,188.5,4.7,1.7578579175523736,302573.34,177.558,0.04846671884575157,UP,0.04759573871914488,UP,-0.018437920166190714,DOWN,0.1541858446801265,UP,14.299999999999997,91.94849821048263,70833,103199,0.2253412689759841,0.21232763392372586,UP,UP
57,2007-10,48050,119535,60701,41572,0.2,7565,14715.058,2.1400661634962708,101.6345,6.375,1096,1405,188.6,4.7,1.8082887711792655,302829.0,176.624,0.0485919710463661,UP,0.046992264158655137,UP,-0.015347582683393837,DOWN,0.07377084499434258,UP,14.499999999999996,94.0885643739789,71929,104604,0.21825831326000664,0.20312847392648523,UP,UP
58,2007-11,48104,119762,60938,41503,0.6,7523,14712.218,2.2407096892759584,102.2068,6.208,1080,1390,188.6,4.7,1.824549292051046,303050.67,175.147,0.04854705650378533,UP,0.042626919514145455,UP,-0.018829972380278864,DOWN,0.17176746562562237,UP,15.099999999999996,96.32927406325486,73009,105994,0.21152101586274039,0.1943986452066504,UP,UP
59,2007-12,48158,119989,61175,41434,-0.1,7490,14709.378,2.2617630984737906,102.2604,6.095,1059,1328,188.6,5.0,2.2407096892759584,303272.34,174.342,0.048502207619725554,DOWN,0.03827887360791328,UP,-0.025701579461431024,DOWN,0.18924294346801707,UP,14.999999999999996,98.59103716172865,74068,107322,0.2050380759438236,0.18544601689521717,UP,UP
60,2008-01,48020,119655,60973,41560,0.5,7476,14706.538,2.2300144001592104,102.14,5.758,1041,1331,189.0,5.0,2.3978952727983707,303494.0,173.132,0.04845742584696897,UP,0.033948616064233404,UP,-0.032763933190492776,DOWN,0.12190505613574926,UP,15.499999999999996,100.82105156188786,75109,108653,0.19902555346924294,0.17754159887125903,UP,UP
61,2008-02,47881,119323,60767,41687,0.3,7453,14759.588,2.272125885509337,101.7671,5.9175,1025,1274,189.0,4.9,2.4336133554004498,303716.0,171.541,0.048596675841904934,UP,0.033187652434945605,UP,-0.022946825535815243,DOWN,0.09468402418070916,UP,15.799999999999997,103.0931774473972,76134,109927,0.1931770177780007,0.1713330019135263,UP,UP
62,2008-03,47742,118991,60561,41814,0.9,7406,14812.638,2.3513752571634776,101.4355,5.97,1014,1195,189.0,5.1,2.4849066497880004,303938.0,170.053,0.04873572241707191,UP,0.03243271186323143,UP,-0.039708763712544906,DOWN,0.12896849030059046,UP,16.699999999999996,105.44455270456068,77148,111122,0.18759285297858233,0.16477336579182028,UP,UP
63,2008-04,47603,118659,60355,41941,0.6,7327,14865.701,2.33214389523559,100.7424,5.9175,1009,1022,189.0,5.0,2.4069451083182885,304160.0,168.338,0.04887460875854813,UP,0.03168383362715482,UP,-0.04783433696482536,DOWN,0.15290106423114236,UP,17.299999999999997,107.77669659979627,78157,112144,0.18228829097317492,0.15772986484350562,UP,UP
64,2008-05,47464,118327,60149,42068,0.8,7274,14876.801,2.3702437414678603,100.132,6.036,991,1142,188.3,5.4,2.151762203259462,304407.33,166.659,0.0488713625916958,UP,0.028687102323748954,UP,-0.05340132663073091,DOWN,0.14314344431002024,UP,18.099999999999998,110.14694034126413,79148,113286,0.17717487023091605,0.15195217909457526,UP,UP
65,2008-06,47325,117995,59943,42195,1.0,7213,14887.901,2.3702437414678603,99.8651,6.32,975,1142,188.3,5.6,2.1041341542702074,304654.66,165.017,0.04886812169556179,UP,0.025703773160991775,UP,-0.06364563684545937,DOWN,0.11908873998206077,UP,19.099999999999998,112.51718408273199,80123,114428,0.17205777193518562,0.14687856432242874,UP,UP
66,2008-07,47186,117663,59737,42322,0.5,7160,14898.999,2.3513752571634776,99.4214,6.426,955,1087,188.7,5.8,2.0794415416798357,304902.0,163.566,0.04886487789519255,UP,0.022733265698404535,UP,-0.06750200277994568,DOWN,0.1053521124049973,UP,19.599999999999998,114.86855933989547,81078,115515,0.16708996545819882,0.14092567166293113,UP,UP
67,2008-08,47047,117331,59531,42449,-0.4,7114,14802.069,2.424802725718295,97.8448,6.4775,936,1017,190.7,6.1,2.1041341542702074,305140.0,161.987,0.04850910729501212,DOWN,0.01275777679691512,UP,-0.06739849834733107,DOWN,0.08860183032398739,UP,19.2,117.29336206561376,82014,116532,0.16233103088501827,0.13473350161165235,UP,UP
68,2008-09,46908,116999,59325,42576,-0.1,7044,14705.139,2.388762789235098,93.559,6.0375,904,1160,191.2,6.1,2.2925347571405443,305378.0,160.308,0.0481538912429841,DOWN,0.002751256115956341,UP,-0.07294115231527667,DOWN,0.0736272299654954,UP,19.099999999999998,119.68212485484887,82918,117692,0.15752717384037795,0.1314118794644079,UP,UP
69,2008-10,46769,116667,59119,42703,-1.0,6967,14608.209,2.451005098112319,94.4956,6.2,876,1055,197.1,6.5,2.379546134130174,305616.0,158.327,0.04779922844353699,DOWN,-0.007287692254722406,DOWN,-0.08234763119233736,DOWN,0.13566143847955306,UP,18.099999999999998,122.13312995296118,83794,118747,0.15268188450184791,0.12681338762029754,UP,UP
70,2008-11,46630,116335,58913,42830,-1.9,6813,14549.109,2.4336133554004498,93.2689,6.0875,842,1076,197.1,6.8,2.5416019934645457,305823.0,156.142,0.0475736259208758,DOWN,-0.011148550398986372,DOWN,-0.09913244278655339,DOWN,0.08258448916919946,UP,16.2,124.56674330836164,84636,119823,0.14777698679371876,0.12263316516225074,UP,UP
71,2008-12,46491,116003,58707,42957,-1.0,6701,14490.009,2.4159137783010487,90.628,5.286,806,1021,197.1,7.3,2.72785282839839,306030.0,153.619,0.04734832859523576,DOWN,-0.015025872108500274,DOWN,-0.11131202853809449,DOWN,0.06593295043904972,UP,15.2,126.98265708666268,85442,120844,0.14285419300204708,0.11866679635344028,UP,UP
72,2009-01,46504,115819,58631,42830,0.4,6567,14430.902,2.501435951739211,88.3811,5.0475,783,777,197.1,7.8,2.9014215940827497,306237.0,151.507,0.04712331298961262,UP,-0.018920277317490262,DOWN,-0.12964078238448076,DOWN,0.11485690475470976,UP,15.6,129.4840930384019,86225,121621,0.13801976702003094,0.11275033407189762,UP,UP
73,2009-02,46514,115629,58554,42703,0.5,6446,14414.342,2.3513752571634776,87.8412,5.13,756,819,197.1,8.3,3.0633909220278057,306446.67,150.015,0.047037032577315986,UP,-0.02366922235069135,DOWN,-0.1451568525063107,DOWN,0.03428446611988134,UP,16.1,131.8354682955654,86981,122440,0.13319475835640923,0.10780460495251665,UP,UP
74,2009-03,46524,115439,58477,42576,0.2,6291,14397.782,2.3978952727983707,86.4794,5.0025,717,839,197.1,8.7,3.0492730404820207,306656.34,148.66,0.04695087014995352,UP,-0.028406568366967637,DOWN,-0.1631704419035284,DOWN,0.019591010125371774,UP,16.3,134.23336356836376,87698,123279,0.12817343915344526,0.10382138251889572,UP,UP
75,2009-04,46534,115249,58400,42449,0.2,6154,14381.236,2.3702437414678603,85.7883,4.81,677,846,197.1,9.0,2.928523523860541,306866.0,147.949,0.046864872615408684,UP,-0.03313231178000232,DOWN,-0.17446387827797674,DOWN,0.016204823129041514,UP,16.5,136.60360730983163,88375,124125,0.12286950002335172,0.10150536260736778,UP,UP
76,2009-05,46544,115059,58323,42322,0.3,6100,14403.786,2.2300144001592104,84.9516,4.8575,650,818,197.0,9.4,2.954910279033736,307101.67,147.694,0.0469023369361684,UP,-0.032311931040791275,DOWN,-0.17601757538553175,DOWN,-0.06098475143843758,DOWN,16.8,138.83362170999084,89025,124943,0.11759771163364789,0.09794203865823388,UP,UP
77,2009-06,46554,114869,58246,42195,0.9,6010,14426.336,2.1400661634962708,84.6928,5.42,627,797,197.0,9.5,2.856470206220483,307337.34,148.09,0.046939743800737,UP,-0.031493444577237954,DOWN,-0.18246020497441934,DOWN,-0.10215604828266832,DOWN,17.7,140.9736878734871,89652,125740,0.11237255485080132,0.09427047871214081,UP,UP
78,2009-07,46564,114679,58169,42068,-0.2,5932,14448.882,2.066862759472976,85.7044,5.222,611,797,197.0,9.5,2.9014215940827497,307573.0,148.41,0.046977081863492566,DOWN,-0.030676988163606252,DOWN,-0.1881485566968686,DOWN,-0.1289684903005904,DOWN,17.5,143.04055063296008,90263,126537,0.10731597687692887,0.09113436385993329,UP,UP
79,2009-08,46574,114489,58092,41941,0.2,5855,14516.342,2.0149030205422647,86.6617,5.1925,588,792,197.0,9.6,2.803360380906535,307810.33,148.278,0.04716002221237994,UP,-0.019491919013924445,DOWN,-0.19476867647658277,DOWN,-0.18517910538380203,DOWN,17.7,145.05545365350235,90851,127329,0.10233083753768142,0.08860837454555386,UP,UP
80,2009-09,46584,114299,58015,41814,0.1,5787,14583.802,2.0541237336955462,87.4033,5.0575,576,721,197.0,9.8,2.8390784635086144,308047.66,148.025,0.04734268067480208,UP,-0.008285563766453103,DOWN,-0.19656216804225807,DOWN,-0.15092622045249282,DOWN,17.8,147.1095773871979,91427,128050,0.09768867200738332,0.0843497701030923,UP,UP
81,2009-10,46594,114109,57938,41687,0.1,5716,14651.249,2.0014800002101243,87.6035,4.952,554,746,197.0,10.0,2.928523523860541,308285.0,147.85,0.04752501419141379,UP,0.002941956822507747,UP,-0.19791545598036087,DOWN,-0.20261127755706893,DOWN,17.900000000000002,149.11105738740804,91981,128796,0.09322062810200171,0.08123457784965074,UP,UP
82,2009-11,46604,113919,57861,41560,0.1,5696,14689.039,2.028148247292285,87.9559,4.875,532,844,197.0,9.9,2.9652730660692823,308490.33,148.134,0.0476158815091546,UP,0.009571814764717487,UP,-0.1790683776818565,DOWN,-0.18225394712716134,DOWN,18.000000000000004,151.13920563470032,92513,129640,0.08898946716998112,0.07874572437466776,UP,UP
83,2009-12,46614,113729,57784,41433,-0.2,5654,14726.829,2.0794415416798357,88.2468,4.93,517,750,197.0,9.9,3.122364924487357,308695.66,147.929,0.04770662794546578,DOWN,0.016211554900066868,UP,-0.16989350971963502,DOWN,-0.14997822355999796,DOWN,17.800000000000004,153.21864717638016,93030,130390,0.08508423860285073,0.07602950184277688,UP,UP
84,2010-01,46740,113866,57810,41702,0.3,5580,14764.61,2.0918640616783932,89.1911,5.03,501,689,196.5,9.8,3.2068032436339315,308901.0,147.396,0.04779722305852037,UP,0.02286122153587403,UP,-0.16286833081561602,DOWN,-0.17880938366225577,DOWN,18.100000000000005,155.31051123805855,93531,131079,0.08133277332305412,0.07489054288260123,UP,UP
85,2010-02,46863,113998,57832,41970,0.0,5500,14836.47,2.1162555148025524,89.4972,4.99,493,670,196.5,9.8,3.299533727885655,309096.67,145.631,0.04799944949261343,DOWN,0.028864655670665575,UP,-0.15871169115482084,DOWN,-0.10535211240499726,DOWN,18.100000000000005,157.4267667528611,94024,131749,0.07786036483131138,0.07327748318262745,UP,UP
86,2010-03,46986,114130,57854,42238,0.4,5537,14908.33,1.9600947840472698,90.1419,4.9675,492,635,196.5,9.9,3.214867803470662,309292.34,145.859,0.048201420054567144,UP,0.03484595019737049,UP,-0.12766720274706245,DOWN,-0.20159855164274126,DOWN,18.500000000000004,159.38686153690838,94516,132384,0.07487003823632629,0.07125671091587382,UP,UP
87,2010-04,47109,114262,57876,42506,0.2,5553,14980.193,1.824549292051046,90.4591,5.098,488,737,196.0,9.9,3.0819099697950434,309488.0,146.403,0.04840314648710128,UP,0.04080456053992613,UP,-0.10276395464037995,DOWN,-0.2616598010858072,DOWN,18.700000000000003,161.21141082895943,95004,133121,0.07232987176056026,0.06996936669857746,UP,UP
88,2010-05,47232,114394,57898,42774,0.1,5520,15033.993,2.2300144001592104,91.702,4.8875,476,702,196.0,9.6,3.0007198150650303,309708.0,146.394,0.048542475493045065,UP,0.042822748451795976,UP,-0.09991091089026166,DOWN,0.0,DOWN,18.800000000000004,163.44142522911864,95480,133823,0.06999957230678798,0.06866039797436944,UP,UP
89,2010-06,47355,114526,57920,43042,-0.1,5516,15087.793,2.1162555148025524,91.8997,4.7375,447,894,196.0,9.4,3.0007198150650303,309928.0,145.721,0.04868160669574869,DOWN,0.04483058119491604,UP,-0.0857717886160608,DOWN,-0.01118848568412539,DOWN,18.700000000000003,165.5576807439212,95927,134717,0.06765197675610185,0.06895999888260587,UP,UP
90,2010-07,47478,114658,57942,43310,0.0,5508,15141.607,2.186051276738094,92.2522,4.564,443,572,196.0,9.4,2.8507065015037334,310148.0,144.991,0.04882058565588042,DOWN,0.04682934372200129,UP,-0.07415984340927721,DOWN,0.05606496386078632,UP,18.700000000000003,167.74373202065928,96370,135289,0.06546731870226313,0.06687847553938768,UP,UP
91,2010-08,47601,114790,57964,43578,0.1,5524,15197.567,2.174751721484161,92.5899,4.4275,444,592,196.0,9.5,2.833213344056216,310371.0,143.916,0.04896580866124734,UP,0.04586029996815073,UP,-0.05819376150263497,DOWN,0.07634344150588009,UP,18.800000000000004,169.91848374214345,96814,135881,0.0635708099878172,0.06500521475432673,UP,UP
92,2010-09,47724,114922,57986,43846,0.1,5501,15253.527,2.028148247292285,92.8564,4.346,439,632,196.0,9.5,2.8449093838194073,310594.0,143.019,0.04911082313244944,UP,0.04489929423916827,UP,-0.050684128698380744,DOWN,-0.012726166750104963,DOWN,18.900000000000006,171.94663198943573,97253,136513,0.061774990701107056,0.06399903553985883,UP,UP
93,2010-10,47847,115054,58008,44114,0.1,5508,15309.474,2.1041341542702074,92.6037,4.225,436,605,196.0,9.4,2.8507065015037334,310817.0,142.531,0.049255587693079854,UP,0.04394626464804739,UP,-0.037067679201212504,DOWN,0.05001714737812332,UP,19.000000000000007,174.05076614370594,97689,137118,0.060206929168820734,0.06261211169141476,UP,UP
94,2010-11,47970,115186,58030,44382,0.0,5506,15323.464,2.1041341542702074,92.6773,4.3,431,552,196.0,9.8,2.9338568698359038,311003.33,142.173,0.049271060859702044,DOWN,0.04228367902033476,UP,-0.033925767389259065,DOWN,0.0367808710780644,UP,19.000000000000007,176.15490029797616,98120,137670,0.05884204420626497,0.060098138801505205,UP,UP
95,2010-12,48093,115318,58052,44650,0.2,5467,15337.454,1.9459101490553132,93.5851,4.714,427,565,196.0,9.3,3.0301337002713233,311189.66,142.06,0.04928651549669099,UP,0.04062687849705074,UP,-0.033633239358536376,DOWN,-0.06636955750816885,DOWN,19.200000000000006,178.10081044703148,98547,138235,0.0576115699546088,0.05842517598476979,UP,UP
96,2011-01,48218,115725,58388,44756,0.5,5427,15351.448,1.9878743481543455,93.3944,4.755,431,520,196.0,9.1,3.1135153092103742,311376.0,141.521,0.04930196290015929,UP,0.03897670080117928,UP,-0.02780228131195184,DOWN,-0.050989662931027246,DOWN,19.700000000000006,180.08868479518583,98978,138755,0.056604671071392235,0.05690959314068258,UP,UP
97,2011-02,48339,116129,58726,44866,0.5,5451,15420.148,2.0918640616783932,92.993,4.9525,424,615,196.0,9.0,3.0819099697950434,311564.0,140.35,0.049492714177504456,UP,0.0385866271903115,UP,-0.008949014156281368,DOWN,-0.011592696379189981,DOWN,20.200000000000006,182.18054885686422,99402,139370,0.05562216535390229,0.05623366987157906,UP,UP
98,2011-03,48460,116533,59064,44976,1.0,5477,15488.848,1.9740810260220096,93.982,4.836,420,591,196.0,9.0,2.995732273553991,311752.0,139.981,0.049683235392234855,UP,0.03820016396344604,UP,-0.010895332039245836,DOWN,0.007110155504978886,UP,21.200000000000006,184.15462988288624,99822,139961,0.05461946756833916,0.05565702209350405,UP,UP
99,2011-04,48581,116937,59402,45086,0.6,5485,15557.539,1.9021075263969205,93.6525,4.84,417,549,196.0,9.1,2.8791984572980396,311940.0,140.01,0.04987349810861063,UP,0.03781648243639322,UP,-0.012321228532276617,DOWN,0.04162950258265791,UP,21.800000000000008,186.05673740928316,100239,140510,0.0536383385032926,0.054020171554334626,UP,UP
100,2011-05,48702,117341,59740,45196,0.5,5516,15587.589,1.8870696490323797,93.7775,4.6375,415,549,198.8,9.0,2.791165107812717,312162.0,139.905,0.04993429373210064,UP,0.036161183549254745,UP,-0.0007249003579485225,DOWN,-0.1669828672893481,DOWN,22.300000000000008,187.94380705831554,100654,141059,0.05277209150457743,0.052660211295942866,UP,UP
101,2011-06,48823,117745,60078,45306,-0.1,5528,15617.639,1.8870696490323797,94.0467,4.51,416,579,198.8,9.1,2.747270914255491,312384.0,139.862,0.049995002945093216,DOWN,0.0345149743333182,UP,0.00217312653431348,UP,-0.114623084760992,DOWN,22.200000000000006,189.83087670734793,101070,141638,0.05222586054880496,0.05009822500149102,UP,UP
102,2011-07,48944,118149,60416,45416,0.1,5547,15647.68,1.9021075263969205,94.4931,4.545,417,634,198.8,9.0,2.6100697927420065,312606.0,139.73,0.05005559714144962,UP,0.03287627814061273,UP,0.007055660206688975,UP,-0.1391343505015489,DOWN,22.300000000000008,191.73298423374484,101487,142272,0.051735761598119816,0.05032748728308743,UP,UP
103,2011-08,49065,118553,60754,45526,0.3,5552,15712.54,1.8718021769015913,95.0969,4.27,414,614,198.8,9.0,2.6026896854443837,312823.33,139.309,0.05022815913378328,UP,0.03332377040609877,UP,0.0050559876574576244,UP,-0.15001280924377977,DOWN,22.60000000000001,193.60478641064643,101901,142886,0.051210141799145834,0.05026760682747276,UP,UP
104,2011-09,49186,118957,61092,45636,0.2,5584,15777.4,1.840549633397487,95.0281,4.106,417,603,198.8,9.0,2.5877640352277083,313040.66,138.668,0.050400481522112815,UP,0.03376778131526317,UP,0.0149754715667504,UP,-0.09705894248219743,DOWN,22.800000000000008,195.44533604404393,102318,143489,0.050769780207027645,0.04983852902386918,UP,UP
105,2011-10,49307,119361,61430,45746,-0.2,5588,15842.259,1.791759469228055,95.6924,4.0675,422,566,199.4,8.8,2.617395832834079,313258.0,137.952,0.050572559998467714,DOWN,0.034209137404549395,UP,0.014419860528306945,UP,-0.16070597359539357,DOWN,22.60000000000001,197.23709551327198,102740,144055,0.05041256188894215,0.0493533021194311,UP,UP
106,2011-11,49428,119765,61768,45856,-0.1,5593,15917.779,1.7404661748405046,95.6913,3.9925,433,585,199.4,8.6,2.5726122302071057,313443.0,137.152,0.05078364806360327,DOWN,0.03805141221947048,UP,0.015677409119035295,UP,-0.18975106045984919,DOWN,22.500000000000007,198.97756168811247,103173,144640,0.05021597151964566,0.04938837956901462,UP,UP
107,2011-12,49549,120169,62106,45966,-0.2,5611,15993.299,1.667706820558076,96.1938,3.958,434,610,199.3,8.5,2.772588722239781,313628.0,136.674,0.05099448709936613,DOWN,0.04187201116580325,UP,0.025998936855972616,UP,-0.15428028914207306,DOWN,22.300000000000008,200.64526850867054,103607,145250,0.050071303375289,0.0495012603118699,UP,UP
108,2012-01,49423,120100,61971,46034,0.4,5626,16068.805,1.667706820558076,96.779,3.915,441,545,199.3,8.3,2.8735646395797834,313813.0,136.607,0.05120503293362608,UP,0.04567001298713592,UP,0.03601221498639728,UP,-0.17561637964689922,DOWN,22.700000000000006,202.3129753292286,104048,145795,0.04995472790944501,0.0494917374204107,UP,UP
109,2012-02,49302,120028,61839,46100,0.4,5629,16114.905,1.5686159179138452,97.0959,3.89,450,561,199.3,8.3,2.8390784635086144,313999.67,136.533,0.051321407439695724,UP,0.044069654107366144,UP,0.03213272839974561,UP,-0.28786191442152614,DOWN,23.100000000000005,203.88159124714244,104498,146356,0.04999569828128123,0.04890974277457053,UP,UP
110,2012-03,49181,119956,61707,46166,0.8,5625,16161.005,1.589235205116581,96.5919,3.954,458,582,199.3,8.2,2.8449093838194073,314186.34,137.904,0.05143764366076513,UP,0.04248096065175665,UP,0.02666344228889957,UP,-0.21685008934420558,DOWN,23.900000000000006,205.47082645225902,104956,146938,0.050152614807825464,0.0486469167293098,UP,UP
111,2012-04,49060,119884,61575,46232,0.3,5618,16207.115,1.589235205116581,97.2942,3.91,463,671,199.3,8.2,2.6741486494265287,314373.0,139.154,0.05155377529240743,UP,0.0409049990626001,UP,0.02395863495485841,UP,-0.1797095984152431,DOWN,24.200000000000006,207.0600616573756,105419,147609,0.050385551035420605,0.049288225298942494,UP,UP
112,2012-05,48939,119812,61443,46298,-0.1,5604,16244.595,1.547562508716013,97.4853,3.798,474,626,200.8,8.2,2.653241964607215,314592.0,140.155,0.05163702509917607,DOWN,0.04128521736922251,UP,0.01582766854370508,UP,-0.1983440575170523,DOWN,24.100000000000005,208.60762416609163,105893,148235,0.05074025735301774,0.04962060974730396,UP,UP
113,2012-06,48818,119740,61311,46364,-0.1,5621,16282.075,1.5686159179138452,97.4959,3.675,486,625,200.7,8.2,2.5494451709255714,314811.0,141.029,0.05172015907957473,DOWN,0.04166382883678627,UP,0.01668349755456906,UP,-0.18483152603972416,DOWN,24.000000000000004,210.17624008400546,106379,148860,0.051194842920210114,0.0497317600927527,UP,UP
114,2012-07,48697,119668,61179,46430,-0.2,5632,16319.541,1.5260563034950492,97.6922,3.55,490,676,200.7,8.2,2.509599262378372,315030.0,141.669,0.05180313303494905,DOWN,0.04204056095483658,UP,0.015207377782643883,UP,-0.22027566754490596,DOWN,23.800000000000004,211.7022963875005,106869,149536,0.05167307386880286,0.049796448176284265,UP,UP
115,2012-08,48576,119596,61047,46496,0.6,5648,16353.171,1.5260563034950492,97.3061,3.602,495,684,200.7,8.1,2.424802725718295,315248.33,142.279,0.05187393379688958,UP,0.03996270383553972,UP,0.017143276986437656,UP,-0.20421486942731815,DOWN,24.400000000000006,213.22835269099554,107364,150220,0.05222317663024369,0.05005377673029486,UP,UP
116,2012-09,48455,119524,60915,46562,0.4,5661,16386.801,1.5040773967762742,97.2383,3.4975,511,652,200.7,7.8,2.4765384001174837,315466.66,142.908,0.051944636558424274,UP,0.037897657401432715,UP,0.013695189594451602,UP,-0.2018845559916726,DOWN,24.800000000000004,214.7324300877718,107875,150872,0.05288753884475978,0.05017341800080177,UP,UP
117,2012-10,48334,119452,60783,46628,0.0,5674,16420.419,1.589235205116581,97.5425,3.3825,520,730,200.7,7.8,2.4336133554004498,315685.0,143.6,0.05201520186261622,DOWN,0.03584463150581521,UP,0.015272894991944116,UP,-0.11994518334093816,DOWN,24.800000000000004,216.32166529288838,108395,151602,0.053580437441357605,0.05106349463515351,UP,UP
118,2012-11,48213,119380,60651,46694,-0.5,5684,16496.339,1.5260563034950492,97.934,3.352,534,668,200.7,7.7,2.501435951739211,315855.33,144.585,0.05222751504620802,DOWN,0.035701816866362646,UP,0.016139394395403236,UP,-0.13146616560614538,DOWN,24.300000000000004,217.84772159638342,108929,152270,0.054289102934808826,0.051407364208774724,UP,UP
119,2012-12,48092,119308,60519,46760,-0.3,5724,16572.259,1.5040773967762742,98.1984,3.345,551,677,200.7,7.9,2.6026896854443837,316025.66,145.503,0.05243959936670965,DOWN,0.03556033085111748,UP,0.0199389049253696,UP,-0.10326983661008499,DOWN,24.000000000000004,219.3517989931597,109480,152947,0.05513698906211345,0.05163506041950603,UP,UP
120,2013-01,48209,120046,60951,46934,0.3,5746,16648.189,1.3862943611198906,98.2029,3.414,559,714,201.4,8.0,2.7788192719904172,316196.0,146.827,0.05265148515477741,UP,0.03542162692303989,UP,0.021105250489432667,UP,-0.18481526145792246,DOWN,24.300000000000004,220.73809335427958,110039,153661,0.05598251728377784,0.05254735185913253,UP,UP
121,2013-02,48331,120784,61378,47111,0.8,5784,16675.019,1.410986973710262,98.6733,3.5325,581,729,201.4,7.7,2.7536607123542622,316375.0,147.785,0.052706500197550375,UP,0.034167111110060225,UP,0.027163678374574077,UP,-0.10590420872041528,DOWN,25.100000000000005,222.14908032798985,110620,154390,0.056932972100795454,0.05343985874784664,UP,UP
122,2013-03,48453,121522,61805,47288,0.3,5802,16701.849,1.4350845252893227,99.0788,3.565,596,816,201.4,7.5,2.6878474937846906,316554.0,149.963,0.052761453022233167,UP,0.03291819010348206,UP,0.030981737608728528,UP,-0.10202914732418611,DOWN,25.400000000000006,223.58416485327916,111216,155206,0.05793304164464399,0.05474253769384747,UP,UP
123,2013-04,48575,122260,62232,47465,-0.1,5796,16728.687,1.4816045409242156,98.9658,3.445,606,712,203.8,7.6,2.580216829592325,316733.0,151.519,0.052816368992179535,DOWN,0.03167468679940352,UP,0.031192295776383917,UP,-0.07012724765798481,DOWN,25.300000000000004,225.0657693942034,111822,155918,0.058965435810572946,0.05476334210903053,UP,UP
124,2013-05,48697,122998,62659,47642,0.2,5829,16803.737,1.5260563034950492,99.0567,3.536,620,708,203.8,7.5,2.379546134130174,316954.0,152.85,0.05301632729039545,UP,0.03384106408682434,UP,0.03936483058865213,UP,-0.013994289803217284,DOWN,25.500000000000004,226.59182569769843,112442,156626,0.06000838281623371,0.055061945552325686,UP,UP
125,2013-06,48819,123736,63086,47819,0.2,5855,16878.787,1.410986973710262,99.2424,4.07,629,736,203.8,7.5,2.2823823856765264,317175.0,154.199,0.05321600693623394,UP,0.035992816941272765,UP,0.040786413029742744,UP,-0.10590420872041528,DOWN,25.700000000000003,228.0028126714087,113071,157362,0.06100775098015291,0.05554261677848991,UP,UP
126,2013-07,48941,124474,63513,47996,0.0,5859,16953.838,1.7047480922384253,98.9258,4.37,640,784,203.8,7.3,2.2082744135228043,317396.0,155.604,0.0534154116624028,DOWN,0.038131014732922616,UP,0.03951432170691028,UP,0.1107305250201072,UP,25.700000000000003,229.7075607636471,113711,158146,0.06205635656913602,0.05598149046990054,UP,UP
127,2013-08,49063,125212,63940,48173,0.1,5878,17033.228,1.7047480922384253,99.5059,4.456,654,765,201.8,7.2,2.2082744135228043,317621.33,156.965,0.05362746891085683,UP,0.040744201076895414,UP,0.03991506780578475,UP,0.1107305250201072,UP,25.800000000000004,231.41230885588553,114365,158911,0.06317015772586362,0.05624341081705731,UP,UP
128,2013-09,49185,125950,64367,48350,0.1,5910,17112.618,1.6863989535702288,100.0391,4.49,661,776,201.8,7.2,2.1400661634962708,317846.66,158.227,0.053839225493198514,UP,0.043339892417137635,UP,0.04304527636348396,UP,0.11441577402758295,UP,25.900000000000006,233.09870780945576,115026,159687,0.06418504036237535,0.056783854067597714,UP,UP
129,2013-10,49307,126688,64794,48527,-0.3,5931,17192.019,1.589235205116581,99.9203,4.192,670,801,201.8,7.2,2.1972245773362196,318072.0,159.242,0.05405071493246812,DOWN,0.045919643144690936,UP,0.04429849646992998,UP,0.0,DOWN,25.600000000000005,234.68794301457234,115696,160488,0.06518409895211669,0.05696050768640044,UP,UP
130,2013-11,49429,127426,65221,48704,-0.2,5963,17193.929,1.6094379124341003,100.1661,4.255,687,839,201.8,6.9,2.151762203259462,318263.0,160.074,0.05402427866261551,DOWN,0.0414178788963635,UP,0.047918499906114735,UP,0.053198167015052325,UP,25.400000000000006,236.29738092700643,116383,161327,0.06619018267656503,0.05777810022698916,UP,UP
131,2013-12,49551,128164,65648,48881,0.0,5932,17195.839,1.6486586255873816,100.3777,4.4575,707,778,201.8,6.7,2.4336133554004498,318454.0,160.994,0.053997874104266236,DOWN,0.036937283083281355,UP,0.035693562581481084,UP,0.0917823182704465,UP,25.400000000000006,237.94603955259382,117090,162105,0.06720098568815487,0.05815281727171208,UP,UP
132,2014-01,49757,128740,65993,48934,0.4,5985,17197.738,1.62924053973028,99.999,4.432,713,838,207.0,6.6,2.509599262378372,318645.0,161.927,0.05397146667921982,UP,0.03247642180115564,UP,0.04075237845283868,UP,0.16147971971704916,UP,25.800000000000004,239.5752800923241,117803,162943,0.06817888937567579,0.058651569105444744,UP,UP
133,2014-02,49967,129317,66335,48983,0.4,6007,17304.658,1.667706820558076,100.7583,4.3025,714,876,207.0,6.7,2.5494451709255714,318839.33,162.526,0.05427391281997738,UP,0.037063982586436284,UP,0.037829971011560895,UP,0.16716008056401496,UP,26.200000000000003,241.24298691288217,118517,163819,0.06895550563487603,0.059280291154215584,UP,UP
134,2014-03,50177,129894,66677,49032,0.6,6038,17411.578,1.7227665977411035,101.7767,4.3425,726,893,207.0,6.7,2.424802725718295,319033.66,163.086,0.05457599050833697,UP,0.04161595538064401,UP,0.039870145585434766,UP,0.18270773553680295,UP,26.800000000000004,242.96575351062327,119243,164712,0.06968917147775211,0.05944522747878105,UP,UP
135,2014-04,50387,130471,67019,49081,0.3,6084,17518.508,1.7404661748405046,101.8425,4.3375,743,834,207.0,6.2,2.2407096892759584,319228.0,163.393,0.05487773002368214,UP,0.04613289191498999,UP,0.04849434993861056,UP,0.16102734413446726,UP,27.100000000000005,244.70621968546376,119986,165546,0.07046674798271131,0.05991887379050349,UP,UP
136,2014-05,50597,131048,67361,49130,0.3,6109,17613.748,1.6486586255873816,102.2594,4.192,754,891,207.0,6.3,2.151762203259462,319458.33,163.66,0.05513629273652059,UP,0.04707843133032731,UP,0.04691763460421708,UP,0.07727517478450656,UP,27.400000000000006,246.35487831105115,120740,166437,0.07120194022382181,0.06075606156633284,UP,UP
137,2014-06,50807,131625,67703,49179,0.2,6133,17708.988,1.7404661748405046,102.5986,4.1625,771,800,207.0,6.1,2.1041341542702074,319688.66,164.062,0.05539448286967703,UP,0.04801468090871363,UP,0.04638802959416595,UP,0.20986355304601537,UP,27.600000000000005,248.09534448589164,121511,167237,0.07198885367504877,0.0608630843249421,UP,UP
138,2014-07,51017,132202,68045,49228,0.0,6178,17804.228,1.824549292051046,102.8163,4.13,790,839,207.0,6.2,2.0149030205422647,319919.0,164.577,0.05565229948830797,DOWN,0.048941718309228256,UP,0.05301565393373831,UP,0.06791563994214084,UP,27.600000000000005,249.9198937779427,122301,168076,0.07282507737532509,0.06089760107430981,UP,UP
139,2014-08,51227,132779,68387,49277,-0.2,6210,17840.178,1.6863989535702288,102.6562,4.115,793,908,207.0,6.1,2.0412203288596382,320149.67,165.215,0.05572449285985521,DOWN,0.04628708011116786,UP,0.05494432794866176,UP,-0.010821894478464142,DOWN,27.400000000000006,251.60629273151292,123094,168984,0.0735532030621219,0.06145973881001862,UP,UP
140,2014-09,51437,133356,68729,49326,0.1,6242,17876.128,1.6863989535702288,102.9776,4.1625,797,975,207.0,5.9,1.9459101490553132,320380.34,165.905,0.05579658227468015,UP,0.04365010534916025,UP,0.05465481243058086,UP,0.0,DOWN,27.500000000000007,253.29269168508316,123891,169959,0.07424395700559155,0.062341582214289815,UP,UP
141,2014-10,51647,133933,69071,49375,-0.3,6259,17912.079,1.667706820558076,102.9892,4.036,806,920,207.0,5.7,1.8562979903656263,320611.0,166.642,0.05586857281877416,DOWN,0.04103002523303028,UP,0.05382759508597492,UP,0.04819662399448214,UP,27.200000000000006,254.96039850564122,124697,170879,0.07492073322543003,0.06273653027499447,UP,UP
142,2014-11,51857,134510,69413,49424,-0.5,6272,17962.559,1.7404661748405046,103.6402,3.9975,814,863,207.0,5.8,2.0149030205422647,320796.67,167.335,0.05599359556943032,DOWN,0.043733179624206836,UP,0.05052157290713786,UP,0.0782679985910932,UP,26.700000000000006,256.70086468048174,125511,171742,0.07550692761193649,0.06255998960755577,UP,UP
143,2014-12,52067,135087,69755,49473,-0.6,6293,18013.039,1.62924053973028,103.6345,3.864,826,955,207.1,5.6,2.1162555148025524,320982.34,168.05,0.05611847368300698,DOWN,0.04642844859432851,UP,0.059076480269110866,UP,-0.011848023401234805,DOWN,26.100000000000005,258.33010522021203,126337,172697,0.07601006987920449,0.06329434041464592,UP,UP
144,2015-01,52127,135297,69871,49593,-0.5,6320,18063.529,1.5686159179138452,102.8239,3.67,830,954,208.2,5.7,2.2823823856765264,321168.0,168.634,0.05624324029791262,DOWN,0.04911706956503042,UP,0.05446286914882953,UP,-0.03792033010272639,DOWN,25.600000000000005,259.8987211381259,127167,173651,0.0764874454986961,0.06364709148526497,UP,UP
145,2015-02,52192,135507,69989,49709,0.4,6361,18135.619,1.5040773967762742,102.1513,3.71,830,863,208.2,5.5,2.3608540011180215,321360.0,169.13,0.05643396502364949,UP,0.04690219122678967,UP,0.057260141828642815,UP,-0.10326983661008499,DOWN,26.000000000000004,261.40279853490216,127997,174514,0.07695041594354653,0.06324280784259971,UP,UP
146,2015-03,52257,135717,70107,49825,0.6,6334,18207.709,1.62924053973028,101.824,3.77,843,781,208.2,5.4,2.2512917986064953,321552.0,169.8,0.056624461984375776,UP,0.04470968859288699,UP,0.04785911683180106,UP,-0.05581750595900794,DOWN,26.600000000000005,263.03203907463245,128840,175295,0.07740789662711585,0.06227177471316942,UP,UP
147,2015-04,52322,135927,70225,49941,0.2,6392,18279.784,1.589235205116581,101.244,3.672,868,1001,208.4,5.4,2.0149030205422647,321744.0,170.298,0.05681468496693023,UP,0.04253782769904129,UP,0.04938483406692722,UP,-0.09090009647648253,DOWN,26.800000000000004,264.62127427974906,129708,176296,0.07791070091277172,0.06291529873073003,UP,UP
148,2015-05,52387,136137,70343,50057,0.5,6427,18320.394,1.6094379124341003,100.783,3.84,878,1012,208.4,5.6,1.9021075263969205,321972.0,170.881,0.05690058141701763,UP,0.03933513208542354,UP,0.050744772721519206,UP,-0.024077007769454366,DOWN,27.300000000000004,266.23071219218315,130586,177308,0.07839254017821236,0.06327147388666514,UP,UP
149,2015-06,52452,136347,70461,50173,0.4,6441,18361.004,1.6863989535702288,100.4781,3.9825,896,962,208.4,5.3,1.840549633397487,322200.0,171.469,0.05698635630043451,UP,0.03615676048820031,UP,0.04899978092090693,UP,-0.03155753506450245,DOWN,27.700000000000003,267.9171111457534,131482,178270,0.07886516645734483,0.06388728692857365,UP,UP
150,2015-07,52517,136557,70579,50289,0.0,6472,18401.626,1.6486586255873816,101.1052,4.046,908,988,208.4,5.2,1.7047480922384253,322428.0,172.13,0.05707204709268426,DOWN,0.033003073093200656,UP,0.046490585259800626,UP,-0.10137099017774154,DOWN,27.700000000000003,269.56576977134074,132390,179258,0.07926689267498566,0.06440985082605988,UP,UP
151,2015-08,52582,136767,70697,50405,-0.1,6490,18412.796,1.6094379124341003,100.9442,3.905,921,974,208.4,5.1,1.8082887711792655,322655.33,172.937,0.05706645540304571,DOWN,0.03159275301426974,UP,0.04410163477061121,UP,-0.0467104635265907,DOWN,27.6,271.17520768377483,133311,180232,0.07973645326873563,0.06444087398989995,UP,UP
152,2015-09,52647,136977,70815,50521,-0.2,6508,18423.966,1.7749523509116738,100.6507,3.89,939,1040,208.4,5.0,1.7047480922384253,322882.66,173.828,0.05706087158721996,DOWN,0.03018612561351641,UP,0.041731545508203724,UP,0.05117811915655282,UP,27.400000000000002,272.9501600346865,134250,181272,0.08030158661741511,0.064441434187305,UP,UP
153,2015-10,52712,137187,70933,50637,0.0,6547,18435.137,1.7227665977411035,100.1871,3.796,943,985,208.4,5.0,1.824549292051046,323110.0,174.792,0.057055296957692424,DOWN,0.028783173436810038,UP,0.04498650151638985,UP,0.032481964218134624,UP,27.400000000000002,274.6729266324276,135193,182257,0.08081659246252926,0.06446207523553718,UP,UP
154,2015-11,52777,137397,71051,50753,-0.2,6598,18465.407,1.7047480922384253,99.4382,3.9425,962,1000,208.4,5.1,1.824549292051046,323303.0,175.739,0.05711486438418449,DOWN,0.02760955374163957,UP,0.05067128975828291,UP,-0.02073564058603819,DOWN,27.200000000000003,276.37767472466606,136155,183257,0.08140053851345577,0.06489618853145095,UP,UP
155,2015-12,52842,137607,71169,50869,-0.3,6630,18495.677,1.62924053973028,98.939,3.964,970,1023,208.4,5.0,2.0149030205422647,323496.0,176.543,0.05717436073398125,DOWN,0.02644114456013012,UP,0.05216689965297463,UP,0.0,DOWN,26.900000000000002,278.00691526439635,137125,184280,0.08193997885555662,0.06491772622983172,UP,UP
156,2016-01,53045,138054,71394,51217,0.2,6631,18525.933,1.7227665977411035,99.4558,3.8725,968,1056,214.8,4.8,2.1400661634962708,323689.0,177.274,0.05723374288282889,UP,0.025276601178259177,UP,0.04803641422796445,UP,0.09373783606173434,UP,27.1,279.72968186213745,138093,185336,0.08242618793831191,0.06512285608461726,UP,UP
157,2016-02,53252,138498,71622,51561,0.1,6640,18587.853,1.7047480922384253,98.9136,3.66,982,1037,214.8,4.9,2.163323025660538,323881.0,177.649,0.057390995458208416,UP,0.024630397818958268,UP,0.04292636579167541,UP,0.12523766850604715,UP,27.200000000000003,281.4344299543759,139075,186373,0.0830065298164023,0.06574507432368913,UP,UP
158,2016-03,53459,138942,71850,51905,0.4,6678,18649.773,1.7047480922384253,98.1907,3.694,987,1003,215.0,5.0,2.163323025660538,324073.0,178.164,0.05754806170214736,UP,0.02398889860371408,UP,0.052886593405014684,UP,0.045303373636835544,UP,27.6,283.13917804661435,140062,187376,0.0835138572568806,0.06664702431216865,UP,UP
159,2016-04,53666,139386,72078,52249,0.5,6702,18711.702,1.6094379124341003,98.4669,3.605,998,945,215.7,5.1,1.791759469228055,324265.0,178.767,0.05770496970070776,UP,0.023353353782197276,UP,0.04735878085114502,UP,0.012632097885389468,UP,28.1,284.74861595904844,141060,188321,0.08389956155796699,0.06598355306086286,UP,UP
160,2016-05,53873,139830,72306,52593,0.4,6689,18772.012,1.62924053973028,98.2518,3.6,1010,1000,215.7,4.8,1.6486586255873816,324485.33,179.43,0.05785165079727949,UP,0.024352171616973454,UP,0.03995651974712187,UP,0.01222898436821939,UP,28.5,286.3778564987787,142070,189321,0.08428788033749335,0.0655556537605902,UP,UP
161,2016-06,54080,140274,72534,52937,0.3,6701,18832.322,1.667706820558076,98.7275,3.568,1016,1109,215.7,4.9,1.5260563034950492,324705.66,180.082,0.05799813283205473,UP,0.02534558113430784,UP,0.03957296142628008,UP,-0.01114593741749799,DOWN,28.8,288.0455633193368,143086,190430,0.08457588797431086,0.06598541800695512,UP,UP
162,2016-07,54287,140718,72762,53281,-0.2,6735,18892.639,1.5040773967762742,98.836,3.44,1033,1072,215.7,4.8,1.5040773967762742,324926.0,180.832,0.058144435963881004,DOWN,0.026333345026839344,UP,0.03983263010613674,UP,-0.09178231827044653,DOWN,28.6,289.54964071611306,144119,191502,0.08488723524402846,0.06607214354210769,UP,UP
163,2016-08,54494,141162,72990,53625,0.1,6736,18958.219,1.6094379124341003,98.7554,3.435,1038,1054,215.7,4.9,1.62924053973028,325136.33,181.852,0.05830852245887133,UP,0.029191700120756302,UP,0.03720374622402702,UP,0.0,DOWN,28.700000000000003,291.15907862854715,145157,192556,0.08513117087075474,0.06614211063806132,UP,UP
164,2016-09,54701,141606,73218,53969,0.2,6768,19023.799,1.6486586255873816,98.6596,3.46,1038,1035,215.7,5.0,1.6486586255873816,325346.66,182.824,0.058472396796696795,UP,0.03203845719360125,UP,0.03917343294713079,UP,-0.07381157491368921,DOWN,28.900000000000002,292.8077372541345,146195,193591,0.08523761361547791,0.06574902047933213,UP,UP
165,2016-10,54908,142050,73446,54313,0.1,6799,19089.379,1.6486586255873816,98.7322,3.47,1053,1070,215.7,4.9,1.7404661748405046,325557.0,183.751,0.0586360575874578,UP,0.034873643913426594,UP,0.03776861308536832,UP,-0.043969482557773165,DOWN,29.000000000000004,294.45639587972187,147248,194661,0.08541485297594549,0.06584180521706513,UP,UP
166,2016-11,55115,142494,73674,54657,-0.2,6823,19152.949,1.6486586255873816,98.3452,3.77,1042,1244,215.7,4.7,1.7404661748405046,325722.33,184.759,0.05880146135513644,DOWN,0.03655760878661799,UP,0.03353268502689685,UP,-0.033455350235600576,DOWN,28.800000000000004,296.1050545053092,148290,195905,0.08537587334027728,0.06674030863228196,UP,UP
167,2016-12,55322,142938,73902,55001,0.0,6818,19216.519,1.6863989535702288,99.0314,4.198,1057,1101,215.7,4.7,2.0014800002101243,325887.66,185.722,0.058966697296853776,DOWN,0.038233244613423846,UP,0.027961369517940114,UP,0.034481479158371194,UP,28.800000000000004,297.79145345887946,149347,197006,0.0853795388211205,0.06677784505926355,UP,UP
168,2017-01,55419,143243,74029,55103,0.6,6840,19280.084,1.6863989535702288,98.7987,4.15,1063,1081,217.4,4.7,2.2407096892759584,326053.0,186.805,0.05913174851941248,UP,0.03990111173300371,UP,0.03103210924772846,UP,-0.021336026800636766,DOWN,29.400000000000006,299.4778524124497,150410,198087,0.08543752744386436,0.06653593416051229,UP,UP
169,2017-02,55513,143547,74153,55209,0.3,6881,19332.934,1.667706820558076,98.4322,4.1675,1070,1148,217.4,4.6,2.174751721484161,326220.0,187.315,0.0592634847648826,UP,0.03930176362906751,UP,0.03565202673200026,UP,-0.02196783189596217,DOWN,29.700000000000006,301.14555923300776,151480,199235,0.08544024707223724,0.06673499055347189,UP,UP
170,2017-03,55607,143851,74277,55315,0.1,6902,19385.784,1.6094379124341003,99.0663,4.196,1071,1147,217.2,4.4,2.128231705849268,326387.0,187.993,0.05939508620134993,UP,0.038706039513080735,UP,0.03299268315434881,UP,-0.0575323580050549,DOWN,29.800000000000008,302.75499714544185,152551,200382,0.08541378464910868,0.0671082515175567,UP,UP
171,2017-04,55701,144155,74401,55421,0.3,6916,19438.643,1.6863989535702288,100.0082,4.045,1075,1069,219.2,4.4,1.840549633397487,326554.0,188.725,0.0595265805961648,UP,0.038113888523265284,UP,0.03143157850592531,UP,0.0467104635265908,UP,30.10000000000001,304.4413960990121,153626,201451,0.08533574544218103,0.06739822202763822,UP,UP
172,2017-05,55795,144459,74525,55527,0.1,6931,19523.293,1.62924053973028,100.1286,4.01,1071,1170,219.2,4.4,1.667706820558076,326749.33,189.617,0.05975006283869044,UP,0.039241228345487336,UP,0.035539716799576675,UP,0.0,DOWN,30.20000000000001,306.07063663874237,154697,202621,0.08514847113466677,0.06789325187409323,UP,UP
173,2017-06,55889,144763,74649,55633,0.1,6962,19607.943,1.667706820558076,100.3233,3.904,1073,1236,219.2,4.3,1.5040773967762742,326944.66,190.51,0.059973278046504874,UP,0.04036009031744979,UP,0.03821002039821342,UP,0.0,DOWN,30.30000000000001,307.73834345930044,155770,203857,0.08493471224487543,0.06813409467970427,UP,UP
174,2017-07,55983,145067,74773,55739,-0.1,6968,19692.595,1.7578579175523736,100.0947,3.9675,1075,1173,219.2,4.3,1.589235205116581,327140.0,191.452,0.060196230971449535,DOWN,0.04147030145270839,UP,0.034010429687874384,UP,0.1559162906658069,UP,30.20000000000001,309.4962013768528,156845,205030,0.08461870934493784,0.06825805746456177,UP,UP
175,2017-08,56077,145371,74897,55845,0.3,7002,19807.425,1.8082887711792655,99.6642,3.88,1083,1107,226.7,4.4,1.547562508716013,327324.0,192.665,0.060513207097554714,UP,0.043819309589973855,UP,0.03872954559244827,UP,0.11649597246182361,UP,30.50000000000001,311.3044901480321,157928,206137,0.08432331768243137,0.06815397577358376,UP,UP
176,2017-09,56171,145675,75021,55951,0.5,7013,19922.255,1.667706820558076,99.7686,3.805,1093,1113,248.0,4.3,1.547562508716013,327508.0,193.759,0.060829827057659665,UP,0.04614667426947845,UP,0.035559947250851244,UP,0.011487518339638573,UP,31.00000000000001,312.97219696859014,159021,207250,0.08409492196628049,0.06817810785681552,UP,UP
177,2017-10,56265,145979,75145,56057,-0.1,7031,20037.088,1.7047480922384253,100.9981,3.895,1101,1196,248.0,4.2,1.5040773967762742,327692.0,194.804,0.06114610060666723,DOWN,0.04845284918893708,UP,0.03355340067270178,UP,0.03345535023560059,UP,30.90000000000001,314.6769450608286,160122,208446,0.08381778458189056,0.06842043074128801,UP,UP
178,2017-11,56359,146283,75269,56163,0.0,7068,20134.248,1.5686159179138452,101.2597,3.922,1107,1182,248.0,4.2,1.6094379124341003,327825.0,195.955,0.06141767101349806,DOWN,0.0499655471555593,UP,0.03527829662416334,UP,-0.04976835350396123,DOWN,30.90000000000001,316.24556097874245,161229,209628,0.08365589864976868,0.0677046834601741,UP,UP
179,2017-12,56453,146587,75393,56269,-0.1,7091,20231.408,1.7227665977411035,101.4573,3.95,1100,1200,248.0,4.1,1.7749523509116738,327958.0,197.172,0.06168902115514791,DOWN,0.05146597464664895,UP,0.03926020060614834,UP,0.021336026800636794,UP,30.800000000000008,317.96832757648355,162329,210828,0.0833526825964985,0.06780845004393762,UP,UP
180,2018-01,56513,147057,75551,56170,0.5,7093,20328.553,1.791759469228055,101.3939,4.0325,1105,1208,230.9,4.0,1.9878743481543455,328091.0,198.315,0.061960105580463956,UP,0.05295380348521258,UP,0.03632065058549059,UP,0.060602621928957864,UP,31.300000000000008,319.7600870457116,163434,212036,0.08304434044885971,0.0680497434477764,UP,UP
181,2018-02,56569,147529,75715,56072,0.5,7184,20412.673,1.7404661748405046,101.7656,4.33,1109,1288,230.9,4.1,2.0541237336955462,328236.0,199.232,0.062189013392802736,UP,0.05434586696711439,UP,0.043092340779555635,UP,0.042703472482000335,UP,31.800000000000008,321.5005532205521,164543,213324,0.0827183311895735,0.0683271042007369,UP,UP
182,2018-03,56625,148001,75879,55974,0.2,7194,20496.793,1.6486586255873816,102.2441,4.444,1121,1181,240.5,4.0,2.0014800002101243,328381.0,199.966,0.062417719051954895,UP,0.05572842093505022,UP,0.04143612059762051,UP,0.02407700776945427,UP,32.00000000000001,323.14921184613945,165664,214505,0.08246267435050338,0.06810750330236906,UP,UP
183,2018-04,56681,148473,76043,55876,0.4,7212,20580.912,1.7227665977411035,103.3468,4.4675,1124,1224,242.7,4.0,1.8718021769015913,328526.0,200.658,0.06264621978169156,UP,0.05710105222373882,UP,0.041908737520026794,UP,0.021336026800636794,UP,32.400000000000006,324.87197844388055,166788,215729,0.0822024676684072,0.06847681471190284,UP,UP
184,2018-05,56737,148945,76207,55778,0.4,7274,20653.522,1.7047480922384253,102.3911,4.586,1131,1262,245.0,3.8,1.4816045409242156,328697.33,201.425,0.06283446841506135,UP,0.05627759623719267,UP,0.04830224362894964,UP,0.045303373636835544,UP,32.800000000000004,326.576726536119,167919,216991,0.08201335525922285,0.0685186390656769,UP,UP
185,2018-06,56793,149417,76371,55680,0.2,7292,20726.132,1.7578579175523736,103.1924,4.57,1126,1212,245.0,4.0,1.547562508716013,328868.66,202.233,0.06302252090545814,UP,0.055460580309023046,UP,0.04631106742716949,UP,0.05264645405572195,UP,33.00000000000001,328.33458445367137,169045,218203,0.08178439132976043,0.06800705450828838,UP,UP
186,2018-07,56849,149889,76535,55582,0.0,7318,20798.73,1.791759469228055,103.3334,4.5275,1127,1150,245.1,3.8,1.2237754316221157,329040.0,202.913,0.06321033916849016,DOWN,0.054649250395522736,UP,0.049008827046813495,UP,0.01910210529073398,UP,33.00000000000001,330.1263439228994,170172,219353,0.08155163372867746,0.0675259943960232,UP,UP
187,2018-08,56905,150361,76699,55484,0.1,7347,20838.44,1.8718021769015913,104.0807,4.55,1129,1262,250.6,3.8,1.2237754316221157,329200.67,203.689,0.06330011418263516,UP,0.05074249063168446,UP,0.04809624410566651,UP,0.0345207299504425,UP,33.10000000000001,331.99814609980103,171301,220615,0.08128301006128523,0.06787810459479338,UP,UP
188,2018-09,56961,150833,76863,55386,0.1,7375,20878.15,1.8870696490323797,104.1181,4.6275,1135,1187,250.6,3.7,1.410986973710262,329361.34,204.349,0.06338980160816689,UP,0.046865708995780936,UP,0.050330332671110034,UP,0.12357565419612447,UP,33.20000000000001,333.8852157488334,172436,221802,0.08098988416502316,0.06785929799276001,UP,UP
189,2018-10,57017,151305,77027,55288,0.2,7389,20917.867,1.9740810260220096,103.9397,4.83,1141,1122,250.6,3.8,1.2809338454620642,329522.0,205.112,0.06347942474250581,UP,0.04301871787443156,UP,0.04966346458948624,UP,0.14668563345376115,UP,33.40000000000001,335.8592967748554,173577,222924,0.08068528029122166,0.06715089130859525,UP,UP
190,2018-11,57073,151777,77191,55190,-0.3,7386,20979.957,1.8562979903656263,104.0007,4.866,1144,1131,250.6,3.8,1.3609765531356006,329637.33,205.669,0.06364557375828762,DOWN,0.041145307690727204,UP,0.044008761972921424,UP,0.16839052703769924,UP,33.100000000000016,337.71559476522106,174721,224055,0.0803647013466385,0.06655702611927264,UP,UP
191,2018-12,57129,152249,77355,55092,-0.3,7396,21042.047,2.028148247292285,103.9946,4.6375,1148,1053,249.0,3.9,1.62924053973028,329752.66,206.156,0.06381160655383342,DOWN,0.03928642564932199,UP,0.042112939203018694,UP,0.16319169764565036,UP,32.80000000000002,339.74374301251333,175869,225108,0.08011425970101267,0.0655376518703534,UP,UP
192,2019-01,57171,151971,77142,54860,0.2,7424,21104.133,1.9459101490553132,103.373,4.464,1152,1258,250.7,4.0,1.8562979903656263,329868.0,206.539,0.06397750918549239,UP,0.03744244857332685,UP,0.045609613263949814,UP,0.08253172979561714,UP,33.00000000000002,341.68965316156863,177021,226366,0.07985913048799333,0.06539708679647929,UP,UP
193,2019-02,57214,151696,76928,54633,0.4,7396,21197.683,1.8562979903656263,102.8292,4.37,1140,1334,250.5,3.8,1.824549292051046,329993.67,206.862,0.06423663520576016,UP,0.03773594979259197,UP,0.02908298252497986,UP,0.06443118271209923,UP,33.40000000000002,343.5459511519343,178161,227700,0.07951570164238785,0.06521683634114532,UP,UP
194,2019-03,57257,151421,76714,54406,0.6,7422,21291.233,1.7404661748405046,102.8286,4.265,1125,1301,252.4,3.8,1.6486586255873816,330119.34,207.066,0.06449556393757482,UP,0.038026956860151964,UP,0.03120121736497359,UP,0.05419099082163878,UP,34.00000000000002,345.28641732677477,179286,229001,0.07902065541530828,0.06539332223722487,UP,UP
195,2019-04,57300,151146,76500,54179,0.5,7459,21384.775,1.7578579175523736,102.2481,4.1425,1123,1329,253.3,3.6,1.547562508716013,330245.0,207.513,0.06475427334251843,UP,0.03831517593718815,UP,0.033675051631955326,UP,0.020164489837587427,UP,34.50000000000002,347.04427524432714,180409,230330,0.07850295062873533,0.06549007286695481,UP,UP
196,2019-05,57343,150871,76286,53952,0.2,7486,21487.945,1.9021075263969205,102.4192,4.072,1132,1226,256.5,3.7,1.1631508098056809,330406.33,208.136,0.06503490717021068,UP,0.0396062184448814,UP,0.028728262917439885,UP,0.10954514252479872,UP,34.700000000000024,348.9463827707241,181541,231556,0.07799980323332929,0.06496586689500818,UP,UP
197,2019-06,57386,150596,76072,53725,0.0,7511,21591.115,1.6486586255873816,102.4893,3.8025,1142,1169,254.1,3.6,1.3862943611198906,330567.66,208.649,0.06531526707724526,DOWN,0.04088656791909034,UP,0.029590755887458183,UP,-0.06413397239536041,DOWN,34.700000000000024,350.59504139631144,182683,232725,0.0775874586726477,0.06443167684383565,UP,UP
198,2019-07,57429,150321,75858,53498,0.2,7525,21694.282,1.7749523509116738,102.0236,3.765,1146,1219,253.4,3.7,1.33500106673234,330729.0,209.287,0.06559534241025129,UP,0.042156796368566604,UP,0.02789374403792445,UP,-0.009424502772405174,DOWN,34.90000000000003,352.36999374722313,183829,233944,0.07719628740425641,0.06439946618670582,UP,UP
199,2019-08,57472,150046,75644,53271,0.0,7530,21763.652,1.6863989535702288,102.7754,3.616,1149,1294,252.1,3.7,1.2809338454620642,330888.67,210.093,0.06577333699579378,DOWN,0.04344188075082067,UP,0.02460297517366173,UP,-0.10430623888567522,DOWN,34.90000000000003,354.05639270079337,184978,235238,0.0768146560633387,0.06417866671888334,UP,UP
200,2019-09,57515,149771,75430,53044,0.1,7551,21833.022,1.6863989535702288,102.5315,3.605,1161,1150,253.4,3.5,1.1631508098056809,331048.34,210.904,0.06595115988196769,UP,0.04472043677292018,UP,0.023584102595404922,UP,-0.11242971677862659,DOWN,35.00000000000003,355.7427916543636,186139,236388,0.07646755330695898,0.06368943081405429,UP,UP
201,2019-10,57558,149496,75216,52817,0.2,7556,21902.39,1.667706820558076,101.6022,3.688,1160,1294,251.1,3.6,1.3862943611198906,331208.0,211.791,0.0661288072751866,UP,0.0459920891366098,UP,0.022349541832752562,UP,-0.1686534653497233,DOWN,35.20000000000003,357.41049847492167,187299,237682,0.07608496543788,0.06410273959687518,UP,UP
202,2019-11,57601,149221,75002,52590,-0.1,7545,21837.1,1.6863989535702288,102.148,3.695,1165,1244,251.9,3.6,1.4816045409242156,331316.67,212.787,0.06591005517470643,DOWN,0.040042804782329446,UP,0.0212987757894408,UP,-0.09598871777660173,DOWN,35.10000000000003,359.0968974284919,188464,238926,0.07571659123304375,0.06426232312695197,UP,UP
203,2019-12,57644,148946,74788,52363,-0.1,7528,21771.81,1.7227665977411035,101.884,3.72,1177,1310,252.7,3.6,1.6094379124341003,331425.34,213.933,0.06569144652608638,DOWN,0.034093339717220644,UP,0.017690088758200145,UP,-0.16319169764565036,DOWN,35.00000000000003,360.819664026233,189641,240236,0.07539341145511334,0.06504148647854092,UP,UP
204,2020-01,58166,150170,75546,52703,0.4,7580,21706.513,1.7404661748405046,101.3768,3.624,1195,1302,252.9,3.5,1.6863989535702288,331534.0,214.994,0.06547296204914126,UP,0.028143455684867136,UP,0.020795204170380735,UP,-0.11157681666007262,DOWN,35.40000000000003,362.5601302010735,190836,241538,0.07514605085780411,0.06487365223797495,UP,UP
205,2020-02,58688,151388,76301,53042,0.3,7608,21108.723,1.7227665977411035,101.633,3.465,1213,1271,253.7,3.5,1.7047480922384253,331589.0,215.864,0.0636592981069939,UP,-0.004205515879314902,DOWN,0.028261011718210802,UP,-0.074652690975965,DOWN,35.700000000000024,364.2828967988146,192049,242809,0.07506291193545227,0.06424615297396959,UP,UP
206,2020-03,59210,152606,77056,53381,-0.2,7539,20510.933,1.8718021769015913,97.6672,3.45,1215,1247,257.2,4.4,1.9315214116032138,331644.0,216.402,0.061846235722642355,DOWN,-0.03733733068773764,DOWN,0.015640984591158966,UP,0.07274870382117275,UP,35.50000000000002,366.1546989757162,193264,244056,0.0750748337281235,0.06367133680001376,UP,UP
207,2020-04,59732,153824,77811,53720,-0.7,6527,19913.143,1.9315214116032138,84.5979,3.306,1193,1207,257.6,14.7,2.8094026953624978,331699.0,216.812,0.06003377459684835,DOWN,-0.0712992542408816,DOWN,-0.13347393731994578,DOWN,0.09421201305010206,UP,34.80000000000002,368.08622038731943,194457,245263,0.07498456340591,0.0628180409614059,UP,UP
208,2020-05,60254,155042,78566,54059,0.0,7009,20491.313,1.6863989535702288,85.9732,3.2325,1180,1171,263.3,13.2,2.5416019934645457,331756.67,216.98,0.06176609199748719,DOWN,-0.047491039972661284,DOWN,-0.06583957196404949,DOWN,-0.12036703700326293,DOWN,34.80000000000002,369.77261934088966,195637,246434,0.07477937775491382,0.062272464232026786,UP,UP
209,2020-06,60776,156260,79321,54398,0.5,7170,21069.483,1.33500106673234,91.5625,3.1625,1183,1244,263.3,11.0,2.312535423847214,331814.34,217.616,0.06349780723762571,UP,-0.024456197214664247,DOWN,-0.04646295809234568,DOWN,-0.21102991219422929,DOWN,35.30000000000002,371.107620407622,196820,247678,0.07453719512991698,0.0622720164308058,UP,UP
210,2020-07,61298,157478,80076,54737,0.5,7195,21647.64,1.2237754316221157,95.0144,3.016,1201,1314,261.4,10.2,2.186051276738094,331872.0,219.378,0.06522888342493491,UP,-0.0021522819410290687,DOWN,-0.044844470295608334,DOWN,-0.37183288164992806,DOWN,35.80000000000002,372.3313958392441,198021,248992,0.07436710800510173,0.06233899695683525,UP,UP
211,2020-08,61820,158696,80831,55076,0.3,7225,21773.26,1.1939224684724346,95.8881,2.935,1213,1238,261.4,8.4,2.028148247292285,331929.67,222.391,0.06559600411737823,UP,0.00044137260612231135,UP,-0.04134780781330631,DOWN,-0.3453513802693055,DOWN,36.100000000000016,373.52531830771653,199234,250230,0.07424311422879087,0.06178272732146649,UP,UP
212,2020-09,62342,159914,81586,55415,0.1,7256,21898.88,1.2237754316221157,95.8444,2.89,1218,1446,263.3,7.9,1.9600947840472698,331987.34,225.837,0.06596299726369084,UP,0.0030118996327263173,UP,-0.03985129200845297,DOWN,-0.3206547624933752,DOWN,36.20000000000002,374.74909373933866,200452,251676,0.07408111014653739,0.06266802316373932,UP,UP
213,2020-10,62864,161132,82341,55754,0.0,7310,22024.502,1.1939224684724346,96.4292,2.834,1228,1370,263.3,6.9,1.916922612182061,332045.0,229.753,0.06632987095122649,DOWN,0.0055597976088875845,UP,-0.03309867587757603,DOWN,-0.3342054428518074,DOWN,36.20000000000002,375.94301620781107,201680,253046,0.07397601247217117,0.06263764458827341,UP,UP
214,2020-11,63386,162350,83096,56093,-0.1,7317,22216.392,1.3862943611198906,96.8564,2.765,1248,1240,263.3,6.7,1.9878743481543455,332026.33,233.208,0.06691153680492748,DOWN,0.017220036612051504,UP,-0.03068468431791926,DOWN,-0.19596119887542032,DOWN,36.100000000000016,377.32931056893096,202928,254286,0.07394422910864512,0.06230573726837457,UP,UP
215,2020-12,63908,163568,83851,56432,0.1,7355,22408.282,1.410986973710262,97.9754,2.684,1262,1386,263.3,6.7,2.2617630984737906,332007.66,236.486,0.06749326807700762,UP,0.02881460894096143,UP,-0.023249048229677664,DOWN,-0.19964204478214959,DOWN,36.20000000000002,378.7402975426412,204190,255672,0.07391812176580405,0.062273599457194385,UP,UP
216,2021-01,64237,164696,84456,56802,0.4,7363,22600.185,1.3862943611198906,98.7836,2.735,1282,1344,263.5,6.3,2.2407096892759584,331989.0,239.56,0.06807510188590586,UP,0.040345738322656435,UP,-0.029045741267700476,DOWN,-0.22751873393992278,DOWN,36.600000000000016,380.1265919037611,205472,257016,0.07389535114985873,0.06211152915577237,UP,UP
217,2021-02,64569,165826,85058,57169,0.5,7291,22830.915,1.589235205116581,95.3744,2.81,1286,1322,264.4,6.2,2.2617630984737906,332042.33,242.369,0.06875904948625074,UP,0.07842917120922924,UP,-0.04255961441879589,DOWN,-0.08067858821261689,DOWN,37.100000000000016,381.7158271088777,206758,258338,0.0737984794291662,0.06199367899454135,UP,UP
218,2021-03,64901,166956,85660,57536,0.7,7395,23061.645,1.4816045409242156,98.1351,3.0825,1308,1459,264.3,6.1,2.151762203259462,332095.66,245.465,0.0694427774214213,UP,0.11721278688826121,UP,-0.019285451066801695,DOWN,-0.2337760479556401,DOWN,37.80000000000002,383.1974316498019,208066,259797,0.07379820719926397,0.06250284966877111,UP,UP
219,2021-04,65233,168086,86262,57903,0.8,7406,23292.362,1.547562508716013,98.2886,3.06,1320,1438,265.7,6.1,2.0412203288596382,332149.0,249.07,0.07012624454687505,UP,0.15674552968189348,UP,0.12634306283834057,UP,-0.22162687042675183,DOWN,38.600000000000016,384.7449941585179,209386,261235,0.07396837958746061,0.06308928118648134,UP,UP
220,2021-05,65565,169216,86864,58270,0.8,7394,23471.232,1.7227665977411035,99.1508,2.9625,1338,1337,269.0,5.8,1.9021075263969205,332259.33,253.407,0.0706413029846295,UP,0.13577446079210592,UP,0.05347382299625236,UP,0.021336026800636794,UP,39.40000000000001,386.467760756259,210724,262572,0.07428831908475346,0.06343112098349513,UP,UP
221,2021-06,65897,170346,87466,58637,0.9,7400,23650.102,1.7578579175523736,99.5096,2.975,1372,1298,269.0,5.9,2.0149030205422647,332369.66,258.358,0.07115601947542384,UP,0.11554173756675631,UP,0.03157434559859511,UP,0.2751638845895898,UP,40.30000000000001,388.22561867381137,212096,263870,0.0747493968932035,0.0633270421898994,UP,UP
222,2021-07,66229,171476,88068,59004,0.5,7415,23828.973,1.7404661748405046,100.1231,2.868,1387,1361,271.816,5.4,1.8082887711792655,332480.0,262.82,0.07167039521174207,UP,0.09600575166691125,UP,0.03011863525056435,UP,0.3522122975578776,UP,40.80000000000001,389.96608484865186,213483,265231,0.07518411852910983,0.06318037695675444,UP,UP
223,2021-08,66561,172606,88670,59371,0.2,7431,24104.183,1.8718021769015913,100.1255,2.8425,1412,1312,271.816,5.2,1.5260563034950492,332582.0,266.845,0.07247590970046484,UP,0.10170278250588641,UP,0.028113205176836246,UP,0.44965761915498065,UP,41.000000000000014,391.83788702555347,214895,266543,0.07566952342536633,0.06315508651289936,UP,UP
224,2021-09,66893,173736,89272,59738,0.3,7472,24379.393,1.791759469228055,99.0614,2.9,1437,1232,271.816,4.8,1.5040773967762742,332684.0,270.377,0.07328093025213116,UP,0.10730273232407665,UP,0.029333988113706088,UP,0.3812573844223332,UP,41.30000000000001,393.6296464947815,216332,267775,0.07623944809953774,0.062004529664735165,UP,UP
225,2021-10,67225,174866,89874,60105,0.8,7514,24654.603,1.916922612182061,100.3045,3.0675,1464,1259,271.816,4.5,1.3862943611198906,332786.0,273.725,0.07408545732092095,UP,0.11280805643901776,UP,0.027524673390089936,UP,0.4734770154321505,UP,42.10000000000001,395.5465691069636,217796,269034,0.0768765619776375,0.061266475284412536,UP,UP
226,2021-11,67557,175996,90476,60472,0.5,7560,24779.443,1.791759469228055,101.1971,3.0675,1493,1389,278.675,4.2,1.547562508716013,332850.0,277.21,0.0744462761003455,UP,0.10918400335427396,UP,0.0326707822895487,UP,0.2565638208043783,UP,42.60000000000001,397.33832857619166,219289,270423,0.07753925824201088,0.06152778189738856,UP,UP
227,2021-12,67889,177126,91078,60839,0.3,7594,24904.283,1.7227665977411035,100.886,3.098,1526,1337,278.675,3.9,1.6094379124341003,332914.0,281.342,0.07480695615083775,UP,0.10560917404133952,UP,0.03197810775620983,UP,0.19964204478214975,UP,42.900000000000006,399.06109517393276,220815,271760,0.07827431394314284,0.061023950875322405,UP,UP
